Supplier,Brand associated
Wilson Family Vineyard,Wilson Family Vineyard
Fowles Wines,Fowles Wines
Hop Nuts Brewing,Hop Nuts Brewing
Moody Tongue Brewing,Moody Tongue Brewing
"Voodoo Brewing Co., Inc.","Voodoo Brewing Co., Inc."
Rowland Cellars,Coit Spirits
Sanguis,Sanguis
CHATEAU DIANA WINERY,CHATEAU DIANA WINERY
Walter Hansel Winery,Walter Hansel Winery
Frederic Golchan Spirits,Andre Petit Cognac
Mexcor International,Togouchi Japanese Whiskey
Citadel Trading Company,Alain Voge Cornas Wines
Twins Bordeaux,Twins Bordeaux
Cellier Wines Distributing Inc.,Cellier Wines Distributing Inc.
Joanne Bordeaux USA Inc,Joanne Bordeaux USA Inc
Bad Bear Enterprise LLC,Bad Bear Enterprise LLC
NCCGA of CT,Vincenzi and Bicerin Distilling
Votto Vines Importing,Votto Vines Importing
Caribbean Spirits Inc.,Hamilton Rums
Sidewalk Side Spirits LLC,Sidewalk Side Spirits LLC
Redhawk Vineyard and Winery,Redhawk Vineyard and Winery
Rose Sil Vous Plait,Rose Sil Vous Plait
Parce Rum USA,Parce Rum USA
OOMRANG,OOMRANG
Loca Loka,Loca Loka
Acosta Tequila,Acosta Tequila
Hiatus Tequila,Hiatus Tequila
Sleight of Hand Cellars,Sleight of Hand Cellars
Ikonic Spirits LLC,Black Eden Bourbon
TAG Reserve Spirits,Bradshaw Bourbon
